City_ID,City,Lat,Lng,Max Temp,Humidity,Cloudiness,Wind Speed,Country,Date
0,Iskateley,67.6803,53.1512,12.93,96,100,5.13,RU,1695571546
1,Saldanha,-33.0117,17.9442,13.73,89,99,2.39,ZA,1695571547
2,Karmaskaly,54.3709,56.1837,14.95,70,1,2.14,RU,1695571547
3,Iqaluit,63.7506,-68.5145,3.85,80,40,6.71,CA,1695571327
4,Tayoltita,24.0833,-105.9333,29.14,40,17,0.65,MX,1695571547
5,Olonkinbyen,70.9221,-8.7187,2.28,77,75,3.97,SJ,1695571547
6,Port elizabeth,-33.918,25.5701,17.28,92,100,11.32,ZA,1695571253
7,Mount isa,-20.7333,139.5,23.87,38,75,5.66,AU,1695571547
8,Port-aux-francais,-49.35,70.2167,1.68,68,74,14.28,TF,1695571547
9,Pecangaan,-6.6978,110.7107,27.92,72,20,2.19,ID,1695571547
10,Adamstown,-25.066,-130.1015,20.5,81,96,12.42,PN,1695571547
11,Alpena,45.0617,-83.4327,20.18,72,0,4.63,US,1695571547
12,Bilibino,68.0546,166.4372,-1.25,92,100,1.98,RU,1695571548
13,Fort bragg,35.139,-79.006,26.32,63,0,3.6,US,1695571548
14,Mossel bay,-34.1831,22.146,15.96,95,100,13.76,ZA,1695571548
15,Yellowknife,62.456,-114.3525,11.34,97,100,4.12,CA,1695571276
16,Bethel,41.3712,-73.414,17.09,87,100,4.63,US,1695571548
17,Seven pagodas,12.6264,80.1722,29.47,80,36,4.99,IN,1695571548
18,Qaqortoq,60.7167,-46.0333,3.58,45,95,3.19,GL,1695571548
19,Grytviken,-54.2811,-36.5092,-3.55,90,100,2.12,GS,1695571548
20,Longyearbyen,78.2186,15.6401,-3.09,80,75,1.03,SJ,1695571548
21,Mouila,-1.8685,11.0559,32.95,58,75,2.06,GA,1695571548
22,Lebu,-37.6167,-73.65,11.06,60,2,3.45,CL,1695571292
23,Swift current,50.2834,-107.8014,14.45,82,0,4.12,CA,1695571548
24,Bredasdorp,-34.5322,20.0403,14.45,97,100,9.64,ZA,1695571548
25,Arraial do cabo,-22.9661,-42.0278,31.98,69,0,5.66,BR,1695571548
26,Blackmans bay,-43.0167,147.3167,10.29,68,42,3.83,AU,1695571549
27,Isafjordur,66.0755,-23.124,7.02,70,75,15.43,IS,1695571549
28,Jieshi,22.8134,115.8257,26.88,87,8,5.01,CN,1695571549
29,Labrador city,52.9463,-66.9114,7.95,76,75,4.63,CA,1695571331
30,St. john's,47.5649,-52.7093,16.27,76,40,3.09,CA,1695571413
31,Salinopolis,-0.6136,-47.3561,30.21,63,31,6.73,BR,1695571549
32,Tolanaro,-25.0319,46.9987,25.04,65,0,9.26,MG,1695571549
33,Edinburgh of the seven seas,-37.0676,-12.3116,10.25,63,47,2.49,SH,1695571549
34,Vila franca do campo,37.7167,-25.4333,24.93,99,15,1.24,PT,1695571549
35,Xiva,41.3783,60.3639,17.99,23,0,4.36,UZ,1695571549
36,Laguna,38.421,-121.4238,19.97,81,0,2.57,US,1695571549
37,Ushuaia,-54.8,-68.3,6.81,65,75,10.29,AR,1695571295
38,La huacana,18.9667,-101.8167,28.68,73,22,1.4,MX,1695571549
39,Waitangi,-43.9535,-176.5597,9.34,95,100,1.34,NZ,1695571550
40,Topolobampo,25.6,-109.05,31.95,62,0,4.12,MX,1695571550
41,Susuman,62.7833,148.1667,-2.39,93,98,1.83,RU,1695571550
42,Hawaiian paradise park,19.5933,-154.9731,21.73,94,75,3.09,US,1695571550
43,Egilsstadir,65.2653,-14.3948,6.95,76,100,7.72,IS,1695571550
44,Beloyarskiy,63.7119,66.6722,15.0,76,69,3.58,RU,1695571550
45,West island,-12.1568,96.8225,24.99,83,75,6.69,CC,1695571550
46,Mejit,10.2753,170.8646,28.48,79,94,6.67,MH,1695571550
47,Haimen,23.1935,116.6142,27.94,87,0,5.44,CN,1695571550
48,Point pedro,9.8167,80.2333,27.63,83,19,8.21,LK,1695571550
49,Urangan,-25.3,152.9,19.19,66,94,6.98,AU,1695571363
50,Kremenets,50.0969,25.7246,16.88,94,97,3.7,UA,1695571353
51,Happy valley-goose bay,53.3168,-60.3315,10.17,87,100,4.63,CA,1695571550
52,Quellon,-43.1167,-73.6167,7.68,66,82,1.27,CL,1695571551
53,Korla,41.7597,86.1469,16.41,46,0,3.06,CN,1695571551
54,Invercargill,-46.4,168.35,1.68,90,7,0.89,NZ,1695571551
55,Ust-nera,64.5667,143.2,-4.33,94,35,1.75,RU,1695571551
56,Winona,43.9666,-91.7668,19.11,74,100,4.63,US,1695571551
57,Kone,-21.0595,164.8658,17.67,93,29,2.32,NC,1695571551
58,Papatowai,-46.5619,169.4708,2.62,86,3,2.69,NZ,1695571551
59,Cannonvale,-20.2833,148.7,21.66,75,42,7.07,AU,1695571551
60,Puerto el triunfo,13.2833,-88.55,30.81,61,2,2.02,SV,1695571551
61,Sinabang,2.4803,96.3801,25.94,81,100,3.08,ID,1695571551
62,Dudinka,69.4058,86.1778,2.57,84,100,10.47,RU,1695571552
63,Margate,51.3813,1.3862,19.06,64,57,3.13,GB,1695571552
64,Hermanus,-34.4187,19.2345,13.78,94,100,9.59,ZA,1695571552
65,Port macquarie,-31.4333,152.9167,9.38,86,68,1.98,AU,1695571552
66,Brokopondo,4.75,-55.1667,31.57,54,2,0.34,SR,1695571552
67,Queenstown,-31.8976,26.8753,12.82,92,100,6.11,ZA,1695571552
68,Cabedelo,-6.9811,-34.8339,29.37,73,37,6.72,BR,1695571552
69,Rehoboth,-23.3167,17.0833,17.33,18,0,11.21,NA,1695571552
70,Georgetown,5.4112,100.3354,27.23,94,40,1.54,MY,1695571552
71,Altai,46.3722,96.2583,2.02,75,100,12.3,MN,1695571552
72,College,64.8569,-147.8028,2.67,86,75,2.57,US,1695571474
73,Kabare,-2.4683,28.8242,20.25,75,96,0.99,CD,1695571552
74,Rosetta,31.4044,30.4164,26.48,67,0,4.28,EG,1695571553
75,Beebe,35.0706,-91.8796,22.01,58,100,2.8,US,1695571553
76,Avarua,-21.2078,-159.775,20.03,56,100,4.12,CK,1695571553
77,Petropavlovsk-kamchatsky,53.0452,158.6483,3.33,81,0,2.0,RU,1695571553
78,Lompoc,34.6391,-120.4579,14.22,85,100,2.06,US,1695571547
79,Kourou,5.1552,-52.6478,33.03,52,28,3.5,GF,1695571553
80,Remire-montjoly,4.9167,-52.2667,33.02,58,75,2.06,GF,1695571553
81,Mirpur mathelo,28.0227,69.5489,35.23,33,25,6.12,PK,1695571553
82,Majuro,7.0897,171.3803,28.56,77,21,6.05,MH,1695571444
83,Malpica,43.3228,-8.8105,26.09,56,31,5.29,ES,1695571553
84,Inhambane,-23.865,35.3833,25.99,73,0,3.13,MZ,1695571553
85,Howrah,22.5892,88.3103,27.0,89,40,1.54,IN,1695571553
86,Atuntaqui,0.3333,-78.2167,21.95,46,100,3.25,EC,1695571553
87,Afaahiti,-17.75,-149.2833,20.59,80,100,9.28,PF,1695571554
88,Chibougamau,49.9168,-74.3659,14.79,47,0,2.06,CA,1695571328
89,Bantay,17.5847,120.3892,26.16,86,100,0.93,PH,1695571554
90,Merizo village,13.2658,144.6691,27.31,95,20,3.93,GU,1695571554
91,Saint-philippe,-21.3585,55.7679,23.77,71,32,5.76,RE,1695571554
92,Lensk,60.7253,114.9278,9.58,80,10,0.99,RU,1695571554
93,Puerto ayora,-0.7393,-90.3518,26.98,95,95,3.13,EC,1695571554
94,Kodoli,16.8833,74.2,22.2,95,100,2.36,IN,1695571554
95,Hadibu,12.65,54.0333,26.82,81,50,5.78,YE,1695571554
96,Punta arenas,-53.15,-70.9167,9.06,57,75,11.83,CL,1695571554
97,Sal rei,16.1833,-22.9167,31.11,66,20,7.2,CV,1695571545
98,Cole harbour,44.6724,-63.4751,18.88,70,100,0.0,CA,1695571554
99,Minas de marcona,-15.2119,-75.1103,18.37,61,50,6.74,PE,1695571555
100,Tiksi,71.6872,128.8694,1.4,77,100,6.13,RU,1695571555
101,Puerto natales,-51.7236,-72.4875,11.25,46,40,7.72,CL,1695571281
102,Vorgashor,67.5833,63.95,13.71,88,98,7.66,RU,1695571555
103,Polyarnyy,69.1989,33.4478,7.03,76,99,4.48,RU,1695571555
104,Guerrero negro,27.9769,-114.0611,23.05,70,0,6.75,MX,1695571436
105,Sao gabriel da cachoeira,-0.1303,-67.0892,29.89,74,40,1.54,BR,1695571555
106,Talnakh,69.4865,88.3972,2.34,84,100,5.95,RU,1695571555
107,Strelka,58.0728,93.0344,0.72,97,78,1.75,RU,1695571555
108,Mount pearl,47.5166,-52.7813,15.81,74,40,3.09,CA,1695571555
109,Whitehorse,60.7161,-135.0538,-2.57,100,75,1.54,CA,1695571555
110,Albany,42.6001,-73.9662,16.36,75,100,1.25,US,1695571556
111,Trat,12.5,102.5,25.2,94,100,0.8,TH,1695571556
112,Ilulissat,69.2167,-51.1,1.01,32,82,4.63,GL,1695571350
113,Sungai penuh,-2.0833,101.3833,16.75,95,92,0.46,ID,1695571556
114,Rio branco,-9.9747,-67.81,34.34,52,20,1.54,BR,1695571556
115,Margaret river,-33.95,115.0667,9.66,87,76,2.8,AU,1695571556
116,Las lomitas,-24.7096,-60.593,43.17,13,48,6.29,AR,1695571556
117,Ta`u,-14.2336,-169.5144,25.33,71,100,11.44,AS,1695571556
118,Touros,-5.1989,-35.4608,29.53,63,9,7.96,BR,1695571409
119,Tual,-5.6667,132.75,25.85,83,94,7.89,ID,1695571556
120,Doka,13.5167,35.7667,26.72,75,55,3.25,SD,1695571556
121,Ribeira grande,38.5167,-28.7,24.22,50,20,5.36,PT,1695571557
122,Utrik,11.2278,169.8474,28.68,80,74,8.06,MH,1695571557
123,Broken hill,-31.95,141.4333,17.23,68,3,6.02,AU,1695571557
124,Jamestown,42.097,-79.2353,16.77,93,100,3.6,US,1695571557
125,Nemuro,43.3236,145.575,15.51,77,86,2.23,JP,1695571557
126,Chernyshevsk,52.5243,117.0174,9.94,87,100,4.71,RU,1695571557
127,North mankato,44.1733,-94.0339,18.41,82,75,2.06,US,1695571557
128,Dawson creek,55.7666,-120.2362,7.8,81,0,1.54,CA,1695571557
129,Andergrove,-21.0833,149.1833,20.36,69,61,8.1,AU,1695571557
130,Ancud,-41.8697,-73.8203,8.02,64,50,1.7,CL,1695571557
131,Lockwood,45.8191,-108.4149,16.46,66,20,4.63,US,1695571557
132,Thompson,55.7435,-97.8558,13.09,76,20,2.06,CA,1695571557
133,Tuxpan,19.55,-103.4,25.86,79,28,0.63,MX,1695571555
134,Luderitz,-26.6481,15.1594,13.87,71,28,7.97,NA,1695571557
135,Saipan,15.1355,145.701,28.39,83,0,2.57,MP,1695571558
136,Tabou,4.423,-7.3528,25.03,90,93,4.04,CI,1695571558
137,Atafu village,-8.5421,-172.5159,28.1,81,96,9.2,TK,1695571558
138,Bac lieu,9.285,105.7244,26.32,89,100,3.99,VN,1695571558
139,Bubaque,11.2833,-15.8333,28.08,76,10,4.41,GW,1695571558
140,Hamilton,39.1834,-84.5333,24.72,61,0,4.63,US,1695571518
141,Buinsk,54.95,48.2833,18.33,44,0,2.76,RU,1695571558
142,Ciudad lazaro cardenas,17.9583,-102.2,30.85,72,6,0.9,MX,1695571558
143,Wailua homesteads,22.0669,-159.378,24.44,78,20,7.72,US,1695571558
144,At taj,24.2049,23.2857,32.21,12,18,3.36,LY,1695571558
145,Champerico,14.3,-91.9167,30.3,68,67,2.02,GT,1695571558
146,Port mathurin,-19.6833,63.4167,22.74,74,17,9.56,MU,1695571267
147,Dongola,19.1667,30.4833,39.64,11,12,5.83,SD,1695571559
148,Taoudenni,22.6783,-3.9836,44.89,5,0,2.34,ML,1695571559
149,Vel'sk,61.0701,42.0983,14.87,92,100,4.37,RU,1695571559
150,Nizhnevartovsk,60.9344,76.5531,8.01,76,100,2.0,RU,1695571559
151,Antsohihy,-14.8796,47.9875,27.15,51,60,3.88,MG,1695571559
152,Tazovsky,67.4667,78.7,3.58,94,100,8.71,RU,1695571559
153,Fuyuan,46.4333,127.0833,13.81,71,100,4.14,CN,1695571560
154,Paragominas,-2.9667,-47.4833,38.63,24,15,2.57,BR,1695571344
155,Mooloolaba,-26.6833,153.1167,16.28,93,95,0.45,AU,1695571560
156,Pisco,-13.7,-76.2167,20.57,83,75,3.6,PE,1695571479
157,Newman,37.3138,-121.0208,18.46,69,44,1.34,US,1695571560
158,Stanley,54.868,-1.6985,17.1,88,75,7.2,GB,1695571460
159,Kamenka,51.3223,42.7678,18.12,31,0,3.55,RU,1695571560
160,Klyuchi,52.2667,79.1667,9.16,62,100,2.12,RU,1695571560
161,Paraparaumu,-40.9167,175.0167,10.14,80,93,5.38,NZ,1695571560
162,Lianyuan,27.6883,111.6642,21.35,89,96,1.57,CN,1695571560
163,Tazacorte,28.629,-17.9293,26.54,76,20,5.66,ES,1695571560
164,Papao,-17.75,-149.55,21.48,81,100,10.5,PF,1695571560
165,Collie,-33.3667,116.15,8.44,94,35,1.89,AU,1695571561
166,Kimbe,-5.5502,150.1429,24.39,90,100,2.43,PG,1695571561
167,Al jawf,29.5,38.75,35.01,13,4,5.58,SA,1695571561
168,La passe,45.5549,-0.8967,24.13,41,54,3.07,FR,1695571561
169,Portage la prairie,49.9728,-98.2926,16.73,70,100,6.34,CA,1695571427
170,Fortuna foothills,32.6578,-114.4119,31.79,30,0,2.06,US,1695571561
171,Ceres,37.5949,-120.9577,18.91,68,0,3.09,US,1695571562
172,Mainit,9.535,125.5231,26.91,82,100,1.52,PH,1695571562
173,Hithadhoo,-0.6,73.0833,27.71,75,35,3.57,MV,1695571562
174,Mao,39.8885,4.2658,24.31,57,20,3.09,ES,1695571563
175,Moroto,2.5345,34.6666,25.74,44,94,1.98,UG,1695571563
176,Crane,31.3974,-102.3501,30.91,33,1,2.32,US,1695571563
177,Burwell,53.293,0.0346,20.02,76,94,9.45,GB,1695571563
178,Kill devil hills,36.0307,-75.676,24.99,66,0,5.66,US,1695571445
179,Uturoa,-16.7333,-151.4333,23.33,69,100,10.69,PF,1695571564
180,Tabas,33.5959,56.9244,27.12,9,0,3.09,IR,1695571564
181,Bria,6.5423,21.9863,22.59,93,100,1.13,CF,1695571565
182,Witu,-2.3889,40.4382,25.09,78,84,5.54,KE,1695571565
183,Alo,7.4178,6.7371,28.02,78,82,1.73,NG,1695571565
184,Storkow,52.25,13.9333,20.59,50,4,0.91,DE,1695571565
185,Lihue,21.9789,-159.3672,24.77,78,20,7.72,US,1695571565
186,Fabens,31.5023,-106.1586,27.86,22,0,2.98,US,1695571566
187,Saint-pierre,-21.3393,55.4781,23.82,64,0,1.03,RE,1695571566
188,Colonia,50.9333,6.95,21.57,50,0,5.14,DE,1695571321
189,Salmon arm,50.6998,-119.3024,12.4,93,49,0.51,CA,1695571461
190,Tobelo,1.7284,128.0095,25.91,76,99,1.6,ID,1695571566
191,Sao vicente,-23.9631,-46.3919,40.1,52,0,2.06,BR,1695571566
192,Carutapera,-1.195,-46.02,32.09,52,94,5.32,BR,1695571567
193,Faya-largeau,17.9257,19.1043,39.18,9,7,4.37,TD,1695571567
194,Mollendo,-17.0231,-72.0147,20.25,69,79,4.59,PE,1695571567
195,I-n-salah,27.1935,2.4607,43.52,7,5,2.01,DZ,1695571568
196,Kantunilkin,21.0917,-87.45,32.29,48,5,1.52,MX,1695571568
197,Ryotsu-minato,38.0833,138.4333,20.5,70,12,3.3,JP,1695571568
198,Lazaro cardenas,17.9583,-102.2,30.85,72,6,0.9,MX,1695571397
199,Zarghun shahr,32.8473,68.4457,15.68,17,0,6.28,AF,1695571568
200,Santa cruz,-17.8,-63.1667,35.7,43,20,11.32,BO,1695571541
201,Chervona sloboda,49.3789,32.1464,21.5,46,2,4.17,UA,1695571569
202,Sumter,28.7086,-82.0831,30.57,48,100,2.5,US,1695571569
203,Puerto baquerizo moreno,-0.9,-89.6,25.55,73,75,6.17,EC,1695571569
204,Anadyr,64.75,177.4833,5.28,100,40,2.0,RU,1695571569
205,Graaff-reinet,-32.2522,24.5308,19.26,64,100,6.31,ZA,1695571569
206,Ponta delgada,37.7333,-25.6667,25.1,53,20,3.6,PT,1695571569
207,Carnarvon,-24.8667,113.6333,18.87,79,0,6.91,AU,1695571569
208,Kamyanyets,52.4001,23.81,17.93,75,100,2.44,BY,1695571569
209,Cordoba,-31.4135,-64.1811,20.55,72,75,2.57,AR,1695571570
210,Kodiak,57.79,-152.4072,6.73,81,75,2.57,US,1695571570
211,Three rivers,41.9439,-85.6325,23.06,56,0,2.06,US,1695571570
212,Coyhaique,-45.5752,-72.0662,8.34,42,20,2.06,CL,1695571570
213,Bocas del toro,9.3333,-82.25,31.7,70,37,0.45,PA,1695571570
214,Gamba,-2.65,10.0,25.84,78,35,3.99,GA,1695571570
215,Tura,25.5198,90.2201,22.93,97,100,1.23,IN,1695571571
216,Nishinoomote,30.7333,131.0,27.17,78,60,9.64,JP,1695571571
217,Paros,37.0833,25.15,29.1,48,0,1.54,GR,1695571571
218,La'ie,21.6477,-157.9253,25.25,80,48,4.92,US,1695571571
219,Le grazie di ancona,43.6008,13.5153,19.12,42,100,6.17,IT,1695571571
220,Shuangjiang,26.1547,109.7138,21.6,96,3,1.12,CN,1695571571
221,Prado,-17.3411,-39.2208,27.63,67,4,7.6,BR,1695571571
222,Luwuk,-0.9516,122.7875,23.34,80,92,2.23,ID,1695571571
223,Port alfred,-33.5906,26.891,16.77,98,100,5.81,ZA,1695571571
224,Solnechnyy,50.7214,136.6319,11.16,74,93,1.48,RU,1695571572
225,Baiti,13.745,-14.7482,34.44,51,34,0.81,SN,1695571572
226,Rocky mountain house,52.3668,-114.9188,6.06,93,99,0.51,CA,1695571337
227,Sol'-iletsk,51.1631,54.9918,20.22,55,100,2.99,RU,1695571572
228,Hanceville,34.0607,-86.7675,28.08,33,29,1.07,US,1695571572
229,Pacific grove,36.6177,-121.9166,14.68,85,100,1.54,US,1695571572
230,Vadso,70.0744,29.7487,6.49,81,75,2.06,NO,1695571572
231,Aykhal,66.0,111.5,6.94,87,13,2.94,RU,1695571572
232,Sitka,57.0531,-135.33,8.94,81,100,2.06,US,1695571572
233,Usinsk,65.9939,57.5281,17.08,71,77,10.1,RU,1695571573
234,La jolla,32.8473,-117.2742,20.55,84,100,2.06,US,1695571289
235,Sisimiut,66.9395,-53.6735,2.44,44,55,1.18,GL,1695571573
236,Castres,43.5833,2.1667,27.5,35,0,1.54,FR,1695571573
237,Baker city,44.7749,-117.8344,10.89,75,100,1.54,US,1695571419
238,Osmanabad,18.1667,76.05,24.2,84,100,2.76,IN,1695571573
239,Saudarkrokur,65.7461,-19.6394,7.08,66,100,3.31,IS,1695571573
240,Castillos,-34.1667,-53.8333,16.3,62,88,4.55,UY,1695571573
241,Rasht,37.2808,49.5832,20.9,78,20,0.0,IR,1695571573
242,San antonio de pale,-1.4014,5.6325,25.24,78,55,4.14,GQ,1695571407
243,Mogocha,53.7333,119.7667,10.21,68,100,3.05,RU,1695571573
244,Winnemucca,40.973,-117.7357,12.03,30,0,0.0,US,1695571573
245,Haiku-pauwela,20.9219,-156.3051,23.91,88,40,4.63,US,1695571573
246,Philipsburg,18.026,-63.0458,32.13,70,20,7.2,SX,1695571574
247,Namdrik,5.5994,168.1028,28.57,77,63,4.29,MH,1695571574
248,Rio grande,-32.035,-52.0986,19.06,87,100,5.13,BR,1695571305
249,Ulanhot,46.0833,122.0833,15.47,50,100,4.29,CN,1695571574
250,Trapani,37.8333,12.6667,22.93,59,17,8.05,IT,1695571574
251,Bayganin,48.6947,55.8742,21.77,46,100,2.58,KZ,1695571574
252,La sarre,48.8002,-79.1996,18.5,53,0,2.31,CA,1695571291
253,Vilyuchinsk,52.9306,158.4028,4.15,80,36,3.6,RU,1695571574
254,Udachny,66.4167,112.4,11.36,71,72,1.91,RU,1695571574
255,Thinadhoo,0.5333,72.9333,28.35,74,24,2.65,MV,1695571417
256,Nabire,-3.3667,135.4833,23.87,93,100,0.87,ID,1695571574
257,Berdigestyakh,62.0989,126.6992,1.03,91,23,0.34,RU,1695571574
258,Alice springs,-23.7,133.8833,13.75,24,0,1.54,AU,1695571284
259,Carbonear,47.7332,-53.2148,16.53,77,1,2.35,CA,1695571575
260,Badger,64.8,-147.5333,2.62,87,100,2.57,US,1695571575
261,Zyrya,40.3661,50.2917,23.05,56,82,2.82,AZ,1695571575
262,Bubanza,-3.1167,29.4,19.18,58,75,1.02,BI,1695571575
263,Palikir - national government center,6.9248,158.1611,26.41,89,100,1.54,FM,1695571575
264,Ketchikan,55.3422,-131.6461,11.26,82,100,3.6,US,1695571575
265,Cassilandia,-19.1133,-51.7342,39.21,18,33,1.64,BR,1695571411
266,Constantia,44.1833,28.65,23.38,79,5,3.93,RO,1695571575
267,San blas,21.5167,-105.2667,33.94,83,97,0.53,MX,1695571575
268,Staryy sambir,49.4386,23.0006,13.53,81,100,1.54,UA,1695571575
269,Richmond,37.5538,-77.4603,19.12,95,100,4.12,US,1695570966
270,Sept-iles,50.2001,-66.3821,17.29,67,100,3.09,CA,1695571470
271,Altamont,42.2068,-121.7372,12.09,84,100,3.09,US,1695571575
272,Port lincoln,-34.7333,135.8667,14.3,85,55,7.44,AU,1695571576
273,Nova vicosa,-17.8919,-39.3719,29.22,60,7,7.2,BR,1695571576
274,Yarmouth,41.7057,-70.2286,18.31,93,100,5.36,US,1695571571
275,Belen,36.4891,36.2233,24.08,61,0,7.72,TR,1695571576
276,Port saint john's,-31.6229,29.5448,18.68,92,100,8.1,ZA,1695571576
277,Portland,45.5234,-122.6762,13.78,94,75,1.79,US,1695570857
278,East london,-33.0153,27.9116,17.52,94,100,7.2,ZA,1695571576
279,Island harbour,50.724,-1.2758,19.53,81,55,5.36,GB,1695571576
280,Bojnurd,37.4747,57.329,18.97,30,0,2.06,IR,1695571576
281,Celestun,20.8667,-90.4,30.33,59,5,2.32,MX,1695571576
282,Warrenton,-28.114,24.8475,25.23,30,98,1.72,ZA,1695571577
283,Kupang,-10.1667,123.5833,25.32,47,42,2.06,ID,1695571577
284,Walvis bay,-22.9575,14.5053,15.05,65,0,11.92,NA,1695571577
285,Maragogi,-9.0122,-35.2225,27.44,71,56,4.98,BR,1695571577
286,Mahenge,-8.6833,36.7167,22.69,39,13,0.79,TZ,1695571577
287,Arenapolis,-14.4503,-56.8461,41.63,13,4,3.16,BR,1695571312
288,Ocean grove,40.2121,-74.0065,20.55,92,100,11.11,US,1695571577
289,Magadan,59.5667,150.8,3.63,74,100,2.12,RU,1695571577
290,Geraldton,-28.7667,114.6,14.23,88,0,4.63,AU,1695571577
291,Labytnangi,66.6572,66.4183,12.96,86,82,5.57,RU,1695571577
292,Vanino,49.0869,140.2543,11.49,78,14,2.59,RU,1695571577
293,Tutong,4.8,114.65,28.05,88,44,2.09,BN,1695571577
294,Lagos,6.5833,3.75,25.18,74,92,2.83,NG,1695571578
295,Akureyri,65.6835,-18.0878,6.96,65,100,3.09,IS,1695571578
296,Puerto armuelles,8.2833,-82.8667,28.94,74,98,0.45,PA,1695571578
297,Taroa,8.7058,171.2275,28.31,79,15,6.05,MH,1695571578
298,Kristiansund,63.1115,7.732,13.03,54,0,2.57,NO,1695571578
299,Kapa'a,22.0752,-159.319,25.18,78,20,7.72,US,1695571578
300,Haslev,55.3235,11.9639,17.13,64,21,2.91,DK,1695571578
301,Berezovyy,51.6667,135.7,12.98,71,99,2.52,RU,1695571578
302,Itoman,26.1247,127.6694,28.43,85,20,3.6,JP,1695571578
303,Villaquilambre,42.6469,-5.5584,25.04,32,0,2.06,ES,1695571578
304,Kapuskasing,49.4169,-82.4331,13.05,100,100,1.54,CA,1695571321
305,Khandyga,62.6667,135.6,-1.65,91,6,1.19,RU,1695571579
306,Konarka,19.9,86.1167,28.22,87,100,5.69,IN,1695571579
307,Cabo san lucas,22.8909,-109.9124,33.67,51,0,1.54,MX,1695571579
308,Puerto la cruz,10.2167,-64.6167,29.25,71,69,3.69,VE,1695571346
309,Hidalgo,20.5,-99.0,22.95,35,2,1.23,MX,1695571579
310,Trincomalee,8.5711,81.2335,28.39,74,32,6.16,LK,1695571579
311,Northam,51.0333,-4.2167,19.1,81,100,12.37,GB,1695571579
312,Pachino,36.7186,15.0907,24.38,58,2,2.43,IT,1695571579
313,Heniches'k,46.1759,34.8034,21.27,56,0,4.93,UA,1695571579
314,Tavda,58.0425,65.2726,14.32,76,11,2.73,RU,1695571579
315,San clemente,33.427,-117.612,21.25,86,4,2.24,US,1695571579
316,Okha,53.5739,142.9478,9.64,87,39,3.34,RU,1695571579
317,Bakchar,57.0186,82.0711,3.76,76,100,1.99,RU,1695571580
318,Mount gambier,-37.8333,140.7667,12.98,80,100,2.41,AU,1695571580
319,Djibo,14.1022,-1.6306,36.77,29,15,1.24,BF,1695571461
320,Harper,4.375,-7.7169,24.66,91,94,3.69,LR,1695571580
321,La mira,18.035,-102.3266,30.98,71,7,1.01,MX,1695571580
322,Bochum,51.4833,7.2167,20.41,55,8,1.79,DE,1695571580
323,Watampone,-4.5386,120.3279,23.68,82,83,2.25,ID,1695571580
324,Ungsang-nodongjagu,42.3578,130.4622,15.99,74,100,3.42,KP,1695571580
325,Chonchi,-42.6128,-73.8092,10.56,63,96,0.85,CL,1695571580
326,Ceeldheer,3.8488,47.1806,26.33,72,34,8.88,SO,1695571580
327,Arkhangel'sk,64.5401,40.5433,12.1,96,100,1.91,RU,1695571580
328,Sao joao da barra,-21.6403,-41.0511,33.05,71,31,6.31,BR,1695571449
329,Nyakahanga,-1.6033,31.1414,21.78,52,87,1.58,TZ,1695571580
330,Big stone gap,36.8677,-82.7745,20.64,60,46,0.65,US,1695571581
331,Nuuk,64.1835,-51.7216,3.34,56,0,4.63,GL,1695571581
332,Novo aripuana,-5.1206,-60.3797,40.78,24,22,1.69,BR,1695571581
333,Inderbor,48.55,51.7833,23.09,43,12,3.34,KZ,1695571581
334,Aktau,43.65,51.2,22.32,29,100,5.43,KZ,1695571581
335,Jerantut,3.936,102.3626,24.28,95,100,0.6,MY,1695571581
336,Bel ombre,-4.6167,55.4167,26.91,83,75,4.12,SC,1695571581
337,Grand-bassam,5.2118,-3.7388,27.98,78,80,4.14,CI,1695571581
338,Namibe,-15.1961,12.1522,20.17,77,56,4.37,AO,1695571429
339,Mushie,-3.0167,16.9,29.14,61,95,1.68,CD,1695571581
340,Puerto carreno,6.189,-67.4859,27.99,89,20,1.03,CO,1695571582
341,Wewak,-3.5534,143.6268,26.1,88,92,3.68,PG,1695571582
342,El nido,11.1858,119.3956,26.88,84,100,4.63,PH,1695571582
343,Ongjin,37.9347,125.3619,19.56,64,100,3.29,KP,1695571582
344,Ipora,-16.4419,-51.1178,37.63,19,59,0.53,BR,1695571582
345,New norfolk,-42.7826,147.0587,10.95,86,52,1.37,AU,1695571582
346,Eyl,7.9803,49.8164,26.01,81,44,8.02,SO,1695571582
347,Ataq,14.5377,46.8319,27.38,55,92,5.14,YE,1695571582
348,Taltal,-25.4,-70.4833,17.57,72,69,1.76,CL,1695571582
349,Ifrane,33.3333,-5.25,25.56,28,6,5.3,MA,1695571583
350,Trail,49.0998,-117.7022,16.1,56,99,1.06,CA,1695571433
351,Kiunga,-6.1219,141.2906,22.19,99,100,1.8,PG,1695571583
352,Ivdel',60.6911,60.4206,16.34,70,0,3.84,RU,1695571583
353,Merzifon,40.8733,35.4631,22.7,50,0,7.2,TR,1695571583
354,Kailua-kona,19.6406,-155.9956,23.98,83,20,3.13,US,1695571583
355,Kuqa,41.7278,82.9364,15.58,58,2,3.19,CN,1695571583
356,Coquimbo,-29.9533,-71.3436,16.85,72,0,5.14,CL,1695571583
357,Chilecito,-29.1619,-67.4974,23.7,50,62,4.58,AR,1695571584
358,Rikaze,29.25,88.8833,12.09,53,85,2.63,CN,1695571584
359,Cooma,-36.2333,149.1333,4.96,80,0,0.95,AU,1695571584
360,Mtwara,-10.2667,40.1833,24.57,76,56,3.67,TZ,1695571584
361,Revda,56.801,59.9303,13.54,82,1,2.37,RU,1695571584
362,Griffith,41.5284,-87.4237,22.83,59,0,3.6,US,1695571584
363,Kingston,17.997,-76.7936,31.25,77,20,2.06,JM,1695571584
364,Veshkayma,54.05,47.1333,16.08,41,0,2.42,RU,1695571584
365,Floro,61.5996,5.0328,13.87,76,100,8.75,NO,1695571584
366,Peace river,56.2501,-117.286,8.7,100,75,3.6,CA,1695571584
367,Kalabo,-14.97,22.6814,33.86,13,28,1.52,ZM,1695571584
368,Plettenberg bay,-34.0527,23.3716,16.15,95,100,8.56,ZA,1695571409
369,Rabaul,-4.1967,152.1721,25.59,84,100,2.76,PG,1695571584
370,Brisas de zicatela,15.8369,-97.0419,30.51,65,19,1.35,MX,1695571585
371,Saint johnsbury,44.4192,-72.0151,19.87,73,0,0.0,US,1695571380
372,Hereford,52.0568,-2.7148,19.78,79,80,2.24,GB,1695571585
373,Thurso,58.5927,-3.5259,15.14,79,100,6.92,GB,1695571585
374,Peterhead,57.5058,-1.7981,16.22,93,100,9.25,GB,1695571585
375,Achinsk,56.2694,90.4993,1.5,92,56,2.5,RU,1695571585
376,Murun-kuren,49.6342,100.1625,9.8,61,100,2.86,MN,1695571585
377,Ksar chellala,35.2122,2.3189,27.64,24,1,3.75,DZ,1695571585
378,Dryden,49.7833,-92.7503,15.16,82,100,4.12,CA,1695571585
379,Amir timur,41.0194,68.9408,22.67,24,0,3.81,UZ,1695571585
380,Nar'yan-mar,67.6713,53.087,12.99,96,100,5.18,RU,1695571586
381,San patricio,28.017,-97.5169,33.97,53,11,5.16,US,1695571586
382,Turpan,42.9333,89.1667,19.07,45,97,3.85,CN,1695571586
383,Zhelezinka,53.54,75.3072,8.09,84,100,1.64,KZ,1695571586
384,Nyaunglebin,17.95,96.7333,25.44,94,1,1.54,MM,1695571586
385,Imbituba,-28.24,-48.6703,25.48,81,82,6.46,BR,1695571586
386,George town,5.4112,100.3354,27.23,94,40,1.54,MY,1695571586
387,Nova sintra,14.8667,-24.7167,24.83,77,84,3.71,CV,1695571586
388,Balaklava,44.5,33.6,22.99,58,0,1.55,UA,1695571586
389,Camalu,30.85,-116.0667,23.7,72,0,3.22,MX,1695571587
390,Bandarbeyla,9.4942,50.8122,26.31,81,21,12.17,SO,1695571587
391,Wynyard,-41.0,145.7167,10.1,95,63,3.61,AU,1695571587
392,Ola,59.5833,151.2833,3.97,73,100,1.99,RU,1695571587
393,Mont-tremblant,46.1949,-74.6264,19.09,72,1,1.03,CA,1695571316
394,Nadi,-17.8,177.4167,23.0,100,100,2.57,FJ,1695571587
395,Souillac,-20.5167,57.5167,24.21,64,75,4.63,MU,1695571587
396,Nyrob,60.733,56.7202,13.67,81,0,2.79,RU,1695571587
397,Gamboma,-1.8764,15.8644,29.39,59,91,1.15,CG,1695571587
398,Pushkino,56.0172,37.8667,23.16,49,47,3.13,RU,1695571587
399,Mombetsu,44.3525,143.3525,12.37,82,20,2.46,JP,1695571456
400,Enewetak,11.3474,162.3373,28.97,80,90,8.8,MH,1695571587
401,Gadzhiyevo,69.2551,33.3362,6.85,75,100,4.56,RU,1695571430
402,Vila velha,-20.3297,-40.2925,32.97,58,0,6.17,BR,1695571588
403,Homer,59.6425,-151.5483,5.94,88,75,2.06,US,1695571588
404,Puerto penasco,31.3167,-113.5333,31.45,41,0,2.3,MX,1695571588
405,Paramonga,-10.6667,-77.8333,21.41,76,17,4.33,PE,1695571588
406,Francistown,-21.17,27.5079,32.73,12,23,3.95,BW,1695571588
407,Revelstoke,50.9832,-118.2023,10.01,93,100,1.03,CA,1695571588
408,Kolonia,50.9333,6.95,21.57,50,0,5.14,DE,1695571321
409,Chaman,30.9236,66.4512,19.86,14,0,3.02,PK,1695571588
410,Alofi,-19.0595,-169.9187,21.94,56,100,5.66,NU,1695571588
411,Labuan,5.2767,115.2417,27.2,88,20,0.0,MY,1695571588
412,Codrington,-38.2667,141.9667,13.08,70,85,2.35,AU,1695571589
413,Umm kaddadah,13.6017,26.6876,37.55,13,30,3.78,SD,1695571589
414,Nola,40.922,14.5329,20.78,73,74,2.33,IT,1695571589
415,Buka,40.8108,69.1986,17.79,26,0,2.22,UZ,1695571589
416,Juneau,58.3019,-134.4197,7.9,97,100,0.0,US,1695571589
417,Eenhana,-17.4667,16.3333,33.76,16,41,4.91,NA,1695571589
418,Kavaratti,10.5669,72.642,28.2,78,99,5.05,IN,1695571589
419,Awjilah,29.1081,21.2869,34.61,18,0,3.62,LY,1695571589
420,Maceio,-9.6658,-35.7353,29.69,65,40,5.14,BR,1695571589
421,Cockburn town,21.4612,-71.1419,29.27,79,73,8.64,TC,1695571589
422,Soio,-6.1349,12.3689,25.25,78,33,4.54,AO,1695571590
423,Deblin,51.5591,21.8483,18.88,58,99,2.72,PL,1695571590
424,Qadirpur ran,30.2924,71.6712,30.94,51,5,3.88,PK,1695571590
425,Iisalmi,63.5592,27.1907,11.36,93,41,2.93,FI,1695571590
426,Porto novo,6.4965,2.6036,27.9,92,100,1.33,BJ,1695571590
427,Ulety,51.3572,112.4849,9.07,92,100,1.79,RU,1695571590
428,Maposeni,-10.5833,35.4,27.53,27,24,2.62,TZ,1695571591
429,Mandal,25.45,74.5667,26.58,72,97,2.97,IN,1695571591
430,Illizi,26.4833,8.4667,40.89,9,10,4.65,DZ,1695571591
431,Ngetkib,7.3645,134.5148,27.14,89,75,7.2,PW,1695571591
432,Trairi,-3.2778,-39.2689,31.69,52,0,7.38,BR,1695571355
433,La sierpe,2.8518,-77.6155,29.14,75,100,2.21,CO,1695571591
434,Young,-32.6833,-57.6333,15.58,84,100,4.99,UY,1695571292
435,Roma,43.2128,-75.4557,16.51,75,75,2.57,US,1695571568
436,Arad,46.3333,21.75,18.95,92,100,3.1,RO,1695571452
437,Veraval,20.9,70.3667,27.28,86,32,4.67,IN,1695571592
438,Djambala,-2.5447,14.7533,25.99,66,98,1.75,CG,1695571592
439,Lumphat,13.4878,106.9816,23.71,98,99,1.01,KH,1695571573
440,Keflavik,64.0049,-22.5624,9.95,76,100,9.77,IS,1695571592
441,Bakhchysarai,44.75,33.8667,21.69,66,0,1.06,UA,1695571592
442,Pudozh,61.8099,36.5345,13.79,92,100,3.58,RU,1695571592
443,Inari,68.906,27.0288,7.11,95,100,1.64,FI,1695571592
444,Goure,13.9835,10.2704,33.59,31,97,2.32,NE,1695571593
445,Puerto cabezas,14.0351,-83.3888,30.98,79,40,3.09,NI,1695571571
446,Port-vila,-17.7338,168.3219,19.78,100,20,1.03,VU,1695571593
447,Viedma,-40.8135,-62.9967,16.31,28,0,2.38,AR,1695571593
448,Casas grandes,30.3667,-107.95,26.06,30,0,0.18,MX,1695571593
449,Hasaki,35.7333,140.8333,19.22,58,43,7.02,JP,1695571593
450,Manokwari,-0.8667,134.0833,25.2,83,100,1.97,ID,1695571594
451,Jinka,5.65,36.65,20.68,66,81,1.88,ET,1695571594
452,Rapla,59.0072,24.7928,14.84,78,1,4.23,EE,1695571594
453,Grass valley,39.2191,-121.0611,19.69,57,0,2.06,US,1695571594
454,Pariaman,-0.619,100.12,24.03,79,100,1.68,ID,1695571594
455,Irymple,-34.25,142.1667,20.36,36,93,5.05,AU,1695571594
456,Zhigalovo,54.8097,105.1578,7.37,91,100,1.65,RU,1695571594
457,Kuytun,54.3419,101.5036,5.05,75,100,2.51,RU,1695571594
458,Fale old settlement,-9.3852,-171.2468,27.9,81,93,11.79,TK,1695571595
459,Del rio,29.3627,-100.8968,33.46,56,0,4.12,US,1695571595
460,'ali sabieh,11.1558,42.7125,31.07,43,77,1.35,DJ,1695571595
461,Chuzhou,32.3219,118.2978,19.96,95,89,1.88,CN,1695571595
462,Idri,27.5,13.2667,38.55,10,0,1.84,LY,1695571595
463,Namsos,64.4662,11.4957,12.03,71,40,1.54,NO,1695571595
464,Tshikapa,-6.4167,20.8,31.32,45,93,2.52,CD,1695571595
465,Homs,34.7268,36.7234,26.97,39,0,5.12,SY,1695571595
466,Ellsworth,44.5434,-68.4195,18.42,86,0,0.0,US,1695571595
467,Erdenet,49.0333,104.0833,6.66,87,29,1.68,MN,1695571596
468,Fort mcmurray,56.7268,-111.381,16.77,77,75,4.63,CA,1695571596
469,Cape coast,5.1053,-1.2466,26.16,82,84,5.31,GH,1695571437
470,Tateyama,34.9833,139.8667,21.72,69,34,7.59,JP,1695571596
471,Atar,20.5169,-13.0499,41.99,10,0,5.01,MR,1695571596
472,Ghanzi,-21.5667,21.7833,34.67,10,65,6.88,BW,1695571596
473,Christchurch,-43.5333,172.6333,3.3,88,14,1.03,NZ,1695570988
474,Spring creek,40.7266,-115.5859,12.39,26,66,0.63,US,1695571596
475,Shuya,56.8487,41.3883,16.26,51,20,3.4,RU,1695571596
476,Iznalloz,37.3926,-3.5276,30.87,26,8,1.17,ES,1695571597
477,Ipinda,-9.4833,33.9,27.16,42,21,0.8,TZ,1695571597
478,Kondagaon,19.6,81.6667,22.45,95,100,1.48,IN,1695571597
479,Alenquer,-1.9417,-54.7383,37.5,31,15,2.26,BR,1695571394
480,Aoulef,26.9667,1.0833,43.82,7,19,4.0,DZ,1695571597
481,Sao tome,0.3365,6.7273,29.02,74,75,3.09,ST,1695571597
482,Nantucket,41.2835,-70.0995,17.27,94,100,6.69,US,1695571597
483,Constitucion,-35.3333,-72.4167,14.33,55,6,5.06,CL,1695571597
484,Minab,27.1467,57.0801,32.44,37,10,1.73,IR,1695571597
485,Taro,-8.3862,115.28,21.03,95,45,0.23,ID,1695571597
486,Primero de mayo,-32.2552,-58.4228,15.47,84,100,5.3,AR,1695571597
487,Churachandpur,24.3333,93.6667,19.74,99,100,0.92,IN,1695571597
488,Hickory,35.7332,-81.3412,24.87,66,20,1.54,US,1695571598
489,Vorkuta,67.5,64.0,13.78,88,98,7.56,RU,1695571598
490,Ouani,-12.1322,44.4258,25.33,77,41,1.55,KM,1695571598
491,Verkhniy mamon,50.1635,40.3832,19.74,29,4,3.7,RU,1695571598
492,Fauske,67.2588,15.3918,10.53,84,95,2.14,NO,1695571598
493,Dunedin,-45.8742,170.5036,5.45,76,1,1.34,NZ,1695571598
494,Pitimbu,-7.4706,-34.8086,29.33,73,39,5.82,BR,1695571598
495,Sars,56.5502,57.1366,14.84,73,0,2.49,RU,1695571598
496,Sola,-13.8833,167.55,25.83,74,68,7.81,VU,1695571598
497,Yuzhno-kurilsk,44.0306,145.8556,13.77,86,1,2.46,RU,1695571598
498,Broome,42.2506,-75.833,15.67,94,100,4.12,US,1695571599
499,Dhoro naro,25.5,69.5667,31.94,54,13,7.45,PK,1695571599
500,Itupiranga,-5.1347,-49.3267,37.18,29,5,1.74,BR,1695571599
501,Adrar,20.5022,-10.0711,40.96,9,2,6.42,MR,1695571599
502,Mar del plata,-38.0023,-57.5575,12.75,61,0,4.63,AR,1695571599
503,Behshahr,36.6923,53.5526,22.97,81,6,0.5,IR,1695571599
504,Ratnagiri,16.9833,73.3,26.47,87,100,3.19,IN,1695571599
505,Sao jose da coroa grande,-8.8978,-35.1478,27.37,71,48,4.9,BR,1695571599
506,Santyoku,37.4406,129.1708,20.11,66,100,1.27,KR,1695571599
507,Alaghsas,17.0187,8.0168,38.94,21,20,2.06,NE,1695571599
508,Smithers,54.7804,-127.1743,3.18,100,40,0.0,CA,1695571599
509,Santa marta de ortigueira,43.6833,-7.85,22.55,58,70,4.62,ES,1695571599
510,Mitu,1.1983,-70.1733,31.84,54,99,0.58,CO,1695571599
511,Kerikeri,-35.2268,173.9474,11.06,91,100,0.45,NZ,1695571600
512,Mata-utu,-13.2816,-176.1745,26.95,79,99,11.35,WF,1695571358
513,Prince albert,53.2001,-105.7677,11.97,87,75,5.66,CA,1695571600
514,Callao,-12.0667,-77.15,22.07,77,75,4.12,PE,1695571600
515,Grand baie,-20.0182,57.5802,24.26,66,9,2.24,MU,1695571574
516,Santo antonio,-6.3106,-35.4789,31.48,46,69,6.85,BR,1695571600
517,Yorkton,51.2167,-102.4677,13.91,94,100,4.12,CA,1695571600
518,Nagqu,31.5,92.0,2.57,94,97,2.97,CN,1695571600
519,Gargalianoi,37.0667,21.6333,27.42,77,100,2.45,GR,1695571600
520,Taquaritinga,-21.4061,-48.5047,40.37,17,95,0.96,BR,1695571600
521,Solleftea,63.1667,17.2667,12.92,64,20,2.74,SE,1695571600
522,Am timan,11.0297,20.2827,30.23,60,15,0.81,TD,1695571600
523,Fada,9.5667,8.3,23.33,89,91,1.76,NG,1695571600
524,Naze,28.3667,129.4833,25.51,82,51,6.48,JP,1695571421
525,Beyla,8.6833,-8.6333,26.09,83,74,2.75,GN,1695571600
526,Pierre,44.3683,-100.351,17.51,85,100,7.72,US,1695571601
527,Urjala,61.0833,23.5333,13.8,82,7,3.65,FI,1695571601
528,Villa de soto,-30.8552,-64.9995,23.56,55,100,0.63,AR,1695571601
529,Kushtagi,15.7667,76.2,24.29,81,100,5.59,IN,1695571601
530,Antsiranana,-12.2787,49.2917,23.68,77,8,8.18,MG,1695571601
531,Guarapari,-20.6667,-40.4975,32.16,60,34,7.9,BR,1695571328
532,Scottburgh,-30.2867,30.7532,18.9,92,100,7.94,ZA,1695571601
533,Valparaiso,-33.0393,-71.6273,19.13,62,0,4.12,CL,1695571542
534,Praia da vitoria,38.7333,-27.0667,21.73,57,2,4.01,PT,1695571601
535,Shalkar,47.8288,59.6258,18.03,30,6,3.8,KZ,1695571601
536,Petukhovo,55.0692,67.9019,16.56,71,98,3.12,RU,1695571601
537,Kuanda,56.3161,116.0806,7.65,69,100,0.36,RU,1695571602
538,Bardai,11.65,7.2333,30.64,49,100,2.24,NG,1695571602
539,Alacranes,22.7675,-81.5675,30.27,60,92,2.87,CU,1695571602
540,Gombi,10.1614,12.7399,30.87,51,24,0.94,NG,1695571602
541,Pamanukan,-6.2842,107.8106,25.52,70,69,1.79,ID,1695571602
542,Hengchun,22.0042,120.7439,27.81,79,9,5.94,TW,1695571602
543,Okhotsk,59.3833,143.3,4.6,93,100,4.43,RU,1695571502
544,As sulayyil,20.4607,45.5779,35.46,14,5,4.34,SA,1695571602
545,Baruun-urt,46.6806,113.2792,9.26,67,23,2.21,MN,1695571602
546,Gurupa,-1.405,-51.64,36.73,35,4,1.93,BR,1695571602
547,Moyale,3.5167,39.0584,25.72,40,87,3.84,KE,1695571602
548,Murudeshwara,14.0943,74.4845,25.95,89,100,1.94,IN,1695571603
549,Flying fish cove,-10.4217,105.6791,23.82,94,100,5.14,CX,1695571603
